count,pe,chg,vol,turn,amount,m_value,pb,ps,high,low,close,volume
271,19.36808921284746,0.038999237593952046,0.788078211417939,0.4623598480441667,0.11202487443922136,106828230931.71234,3.3232503808791116,3.2634876024871113,0.3822151518522172,0.40760766033619517,0.39588315394239765,0.11726861022804129
387,33.71027870163379,0.029477737147531758,0.6738318832460286,1.5887481932720495,0.13807036434332623,43247941211.49649,4.644485324193902,6.941578998109421,0.3766835883528188,0.39871901126282133,0.3849937085260782,0.145988534020797
152,-2.3542982264295946,0.0976745241649803,0.6731219768893432,3.3156357779255257,0.13549564197633676,23514603100.302517,5.187391761924578,6.9210407093192625,0.36119402511269155,0.3858718112585344,0.3726717366041581,0.15211614287802736
43,51.99744646199913,-0.045941287817908114,0.674321354187543,6.329453151213281,0.14380623116929903,29301090906.078056,6.413001997839955,6.24624663056514,0.34675636848707847,0.37704364300322046,0.36106828918479744,0.16505766497471608
